"Source","Category","Subcategory","Product","Original Product Name","Product Page","Image Count","Main Image","Roles"
"Nantong Max","Construction Tools","Grinding & Polishing","Angle Grinder","horn_grind_machine","product-detail-max-construction-tools-horn-grind-machine.html","5","images/products/max/construction-tools_horn-grind-machine_main_01.jpg","main; photo"
"Nantong Max","Construction Tools","Grinding & Polishing","Angle Grinder 1","horn_grind_machine_1","product-detail-max-construction-tools-horn-grind-machine-1.html","8","images/products/max/construction-tools_horn-grind-machine-1_photo_01.jpg","photo"
"Nantong Max","Construction Tools","Saws & Cutting","Cutting Machine","cut_cut_machine_none_ginseng_number","product-detail-max-construction-tools-cut-cut-machine-none-ginseng-number.html","3","images/products/max/construction-tools_cut-cut-machine-none-ginseng-number_main_01.jpg","main; photo"
"Nantong Max","Construction Tools","Construction Specialty","Glass Suction CUP","glass_Glass_suck_plate","product-detail-max-construction-tools-glass-glass-suck-plate.html","4","images/products/max/construction-tools_glass-glass-suck-plate_main_01.jpg","main; photo"
"Nantong Max","Construction Tools","Construction Specialty","Laser Level","exciting_Light_water_flat_instrument","product-detail-max-construction-tools-exciting-light-water-flat-instrument.html","6","images/products/max/construction-tools_exciting-light-water-flat-instrument_main_01.jpg","main; photo"
"Nantong Max","Construction Tools","Drills & Drivers","Lithium Cordless Hammer","lithium_electricity_hammer","product-detail-max-construction-tools-lithium-electricity-hammer.html","8","images/products/max/construction-tools_lithium-electricity-hammer_main_01.jpg","main; photo"
"Nantong Max","Construction Tools","Saws & Cutting","Lithium Cordless SAW","lithium_electricity_saw_none_ginseng_number","product-detail-max-construction-tools-lithium-electricity-saw-none-ginseng-number.html","5","images/products/max/construction-tools_lithium-electricity-saw-none-ginseng-number_main_01.jpg","main; photo"
"Nantong Max","Construction Tools","Saws & Cutting","NBT CCS 12B BL Handheld Cordless SAW","NBT-CCS-12B-BL_hand_hold_electricity_saw","product-detail-max-construction-tools-nbt-ccs-12b-bl-hand-hold-electricity-saw.html","8","images/products/max/construction-tools_nbt-ccs-12b-bl-hand-hold-electricity-saw_main_01.jpg","main; photo"
"Nantong Max","Construction Tools","Saws & Cutting","NBT CCSM 185A Cutting Machine","NBT-CCSM-185A_cut_cut_machine","product-detail-max-construction-tools-nbt-ccsm-185a-cut-cut-machine.html","5","images/products/max/construction-tools_nbt-ccsm-185a-cut-cut-machine_photo_01.jpg","photo"
"Nantong Max","Construction Tools","Grinding & Polishing","NBT CDG 21A Angle Grinder","NBT-CDG-21A_beat_grind_machine","product-detail-max-construction-tools-nbt-cdg-21a-beat-grind-machine.html","7","images/products/max/construction-tools_nbt-cdg-21a-beat-grind-machine_main_01.jpg","main; photo"
"Nantong Max","Construction Tools","Construction Specialty","NBT CNG 21A Cordless NAIL GUN","NBT-CNG-21A_nail_Book_machine","product-detail-max-construction-tools-nbt-cng-21a-nail-book-machine.html","8","images/products/max/construction-tools_nbt-cng-21a-nail-book-machine_photo_01.jpg","photo"
"Nantong Max","Construction Tools","Drills & Drivers","NBT CRH 22A Impact Drill","NBT-CRH-22A_rush_hit_Drill","product-detail-max-construction-tools-nbt-crh-22a-rush-hit-drill.html","6","images/products/max/construction-tools_nbt-crh-22a-rush-hit-drill_main_01.jpg","main; photo"
"Nantong Max","Construction Tools","Drills & Drivers","NBT CRH 28A Cordless Rotary Hammer","NBT-CRH-28A_charge_electricity_Mode_spin_change_hammer","product-detail-max-construction-tools-nbt-crh-28a-charge-electricity-mode-spin-change-hammer.html","5","images/products/max/construction-tools_nbt-crh-28a-charge-electricity-mode-spin-change-hammer_main_01.jpg","main; photo"
"Nantong Max","Construction Tools","Construction Specialty","NBT CT 135 TILE Laying Machine","NBT-CT-135_porcelain_brick_flat_shop_machine_(_lack_outside_box_letter_interest_)","product-detail-max-construction-tools-nbt-ct-135-porcelain-brick-flat-shop-machine-lack-outside-box-letter-interest.html","7","images/products/max/construction-tools_nbt-ct-135-porcelain-brick-flat-shop-machine-(-lack-outside-box-letter-interest-)_main_01.jpg","main; photo"
"Nantong Max","Construction Tools","Construction Specialty","NBT CT 160 TILE Laying Machine","NBT-CT-160_porcelain_brick_flat_shop_machine","product-detail-max-construction-tools-nbt-ct-160-porcelain-brick-flat-shop-machine.html","9","images/products/max/construction-tools_nbt-ct-160-porcelain-brick-flat-shop-machine_main_01.jpg","main; photo"
"Nantong Max","Construction Tools","Construction Specialty","NBT CT 16A TILE Laying Machine","NBT-CT-16A_porcelain_brick_flat_shop_machine_(_lack_outside_box_letter_interest_)","product-detail-max-construction-tools-nbt-ct-16a-porcelain-brick-flat-shop-machine-lack-outside-box-letter-interest.html","7","images/products/max/construction-tools_nbt-ct-16a-porcelain-brick-flat-shop-machine-(-lack-outside-box-letter-interest-)_main_01.jpg","main; photo"
"Nantong Max","Construction Tools","Construction Specialty","WIRE Tying Machine","lead_Wire_machine","product-detail-max-construction-tools-lead-wire-machine.html","7","images/products/max/construction-tools_lead-wire-machine_main_01.jpg","main; photo"
"Nantong TIAS","Construction Tools","Construction Specialty","16 LINE HIGH Precision Level","16_Line_High_Precision_Level","product-detail-tias-construction-tools-16-line-high-precision-level.html","6","images/products/tias/construction-tools_16-line-high-precision-level_main_01.jpg","main; feature; detail"
"Nantong TIAS","Construction Tools","Grinding & Polishing","Brushless Angle Grinder","Brushless_Angle_Grinder","product-detail-tias-construction-tools-brushless-angle-grinder.html","6","images/products/tias/construction-tools_brushless-angle-grinder_main_01.jpg","main; feature; detail"
"Nantong TIAS","Construction Tools","Saws & Cutting","Brushless Chainsaw WITH Battery Display","Brushless_Chainsaw_With_Battery_Display","product-detail-tias-construction-tools-brushless-chainsaw-with-battery-display.html","9","images/products/tias/construction-tools_brushless-chainsaw-with-battery-display_main_01.jpg","main; photo; detail"
"Nantong TIAS","Construction Tools","Drills & Drivers","Brushless Impact Lithium Hammer Drill","Brushless_Impact_Lithium_Hammer_Drill","product-detail-tias-construction-tools-brushless-impact-lithium-hammer-drill.html","5","images/products/tias/construction-tools_brushless-impact-lithium-hammer-drill_main_01.jpg","main; feature"
"Nantong TIAS","Construction Tools","Grinding & Polishing","Brushless Lithium DIE Grinder","Brushless_Lithium_Die_Grinder","product-detail-tias-construction-tools-brushless-lithium-die-grinder.html","10","images/products/tias/construction-tools_brushless-lithium-die-grinder_main_01.jpg","main; photo; feature"
"Nantong TIAS","Construction Tools","Construction Specialty","Brushless Lithium Electric Rivet GUN","Brushless_Lithium_Electric_Rivet_Gun","product-detail-tias-construction-tools-brushless-lithium-electric-rivet-gun.html","6","images/products/tias/construction-tools_brushless-lithium-electric-rivet-gun_main_01.jpg","main; photo; feature"
"Nantong TIAS","Construction Tools","Construction Specialty","Brushless TILE Vibration Machine","Brushless_Tile_Vibration_Machine","product-detail-tias-construction-tools-brushless-tile-vibration-machine.html","5","images/products/tias/construction-tools_brushless-tile-vibration-machine_main_01.jpg","main; feature"
"Nantong TIAS","Construction Tools","Saws & Cutting","Cutting Machine","Cutting_Machine","product-detail-tias-construction-tools-cutting-machine.html","12","images/products/tias/construction-tools_cutting-machine_main_01.jpg","main; photo; detail"
"Nantong TIAS","Construction Tools","Construction Specialty","Electric Caulking GUN","Electric_Caulking_Gun","product-detail-tias-construction-tools-electric-caulking-gun.html","14","images/products/tias/construction-tools_electric-caulking-gun_main_01.jpg","main; photo; feature; detail"
"Nantong TIAS","Construction Tools","Construction Specialty","Electric NAIL GUN","Electric_Nail_Gun","product-detail-tias-construction-tools-electric-nail-gun.html","7","images/products/tias/construction-tools_electric-nail-gun_main_01.jpg","main; feature; detail"
"Nantong TIAS","Construction Tools","Construction Specialty","HEAT GUN","Heat_Gun","product-detail-tias-construction-tools-heat-gun.html","8","images/products/tias/construction-tools_heat-gun_main_01.jpg","main; photo; feature"
"Nantong TIAS","Construction Tools","Saws & Cutting","Lithium HIGH Power Brushless Reciprocating SAW","Lithium_High_Power_Brushless_Reciprocating_Saw","product-detail-tias-construction-tools-lithium-high-power-brushless-reciprocating-saw.html","7","images/products/tias/construction-tools_lithium-high-power-brushless-reciprocating-saw_main_01.jpg","main; photo; feature"
"Nantong TIAS","Construction Tools","Saws & Cutting","Lithium Jigsaw","Lithium_Jigsaw","product-detail-tias-construction-tools-lithium-jigsaw.html","5","images/products/tias/construction-tools_lithium-jigsaw_main_01.jpg","main; photo; feature"
"Nantong TIAS","Construction Tools","Construction Tools","Lithium Planer","Lithium_Planer","product-detail-tias-construction-tools-lithium-planer.html","8","images/products/tias/construction-tools_lithium-planer_main_01.jpg","main; photo; feature; detail"
"Nantong TIAS","Construction Tools","Grinding & Polishing","Lithium Polisher","Lithium_Polisher","product-detail-tias-construction-tools-lithium-polisher.html","5","images/products/tias/construction-tools_lithium-polisher_main_01.jpg","main; photo; feature"
"Nantong TIAS","Construction Tools","Saws & Cutting","Lithium Sabre SAW","Lithium_Sabre_Saw","product-detail-tias-construction-tools-lithium-sabre-saw.html","23","images/products/tias/construction-tools_lithium-sabre-saw_main_01.jpg","main; photo; feature; detail"
"Nantong TIAS","Construction Tools","Spray & Finishing","Spray GUN","Spray_Gun","product-detail-tias-construction-tools-spray-gun.html","5","images/products/tias/construction-tools_spray-gun_main_01.jpg","main; feature; detail"
"Nantong Max","Garden & Landscaping","Saws & Cutting","Cordless SAW","electricity_saw_none_ginseng_number","product-detail-max-garden-tools-electricity-saw-none-ginseng-number.html","3","images/products/max/garden-tools_electricity-saw-none-ginseng-number_photo_01.jpg","photo"
"Nantong Max","Garden & Landscaping","Garden Tools","Grass Trimmer","cut_Grass_machine_1","product-detail-max-garden-tools-cut-grass-machine-1.html","1","images/products/max/garden-tools_cut-grass-machine-1_photo_01.jpg","photo"
"Nantong Max","Garden & Landscaping","Garden Tools","LAWN Mower","Lawn_Mower","product-detail-max-garden-tools-lawn-mower.html","1","images/products/max/garden-tools_lawn-mower_photo_01.jpg","photo"
"Nantong Max","Garden & Landscaping","Garden Tools","NBT CB 21A BL LEAF Blower","NBT-CB-21A-BL_blow_wind_machine","product-detail-max-garden-tools-nbt-cb-21a-bl-blow-wind-machine.html","10","images/products/max/garden-tools_nbt-cb-21a-bl-blow-wind-machine_main_01.jpg","main; photo"
"Nantong Max","Garden & Landscaping","Garden Tools","NBT CB 21B BL LEAF Blower","NBT-CB-21B-BL_blow_wind_machine","product-detail-max-garden-tools-nbt-cb-21b-bl-blow-wind-machine.html","10","images/products/max/garden-tools_nbt-cb-21b-bl-blow-wind-machine_photo_01.jpg","photo"
"Nantong Max","Garden & Landscaping","Saws & Cutting","NBT CRS 21B BL Handheld Cutting SAW","NBT-CRS-21B-BL_hand_hold_cut_cut_saw","product-detail-max-garden-tools-nbt-crs-21b-bl-hand-hold-cut-cut-saw.html","10","images/products/max/garden-tools_nbt-crs-21b-bl-hand-hold-cut-cut-saw_main_01.jpg","main; photo"
"Nantong Max","Garden & Landscaping","Saws & Cutting","NBT CRS 21C Handheld Cutting SAW","NBT-CRS-21C_hand_hold_cut_cut_saw","product-detail-max-garden-tools-nbt-crs-21c-hand-hold-cut-cut-saw.html","4","images/products/max/garden-tools_nbt-crs-21c-hand-hold-cut-cut-saw_main_01.jpg","main; photo"
"Nantong Max","Garden & Landscaping","Garden Tools","Pruning Shears","Pruning_Shears","product-detail-max-garden-tools-pruning-shears.html","5","images/products/max/garden-tools_pruning-shears_main_01.jpg","main; photo"
"Nantong TIAS","Garden & Landscaping","Garden Tools","Brushless LEAF Blower","Brushless_Leaf_Blower","product-detail-tias-garden-tools-brushless-leaf-blower.html","5","images/products/tias/garden-tools_brushless-leaf-blower_main_01.jpg","main; photo; detail"
"Nantong TIAS","Garden & Landscaping","Garden Tools","Cordless Lithium Pruning Shears","Cordless_Lithium_Pruning_Shears","product-detail-tias-garden-tools-cordless-lithium-pruning-shears.html","7","images/products/tias/garden-tools_cordless-lithium-pruning-shears_main_01.jpg","main; photo; detail"
"Nantong TIAS","Garden & Landscaping","Garden Tools","Electric LAWN Mower","Electric_Lawn_Mower","product-detail-tias-garden-tools-electric-lawn-mower.html","8","images/products/tias/garden-tools_electric-lawn-mower_main_01.jpg","main; photo; detail"
"Nantong TIAS","Garden & Landscaping","Garden Tools","Electric Scissors NO Specs","Electric_Scissors_No_Specs","product-detail-tias-garden-tools-electric-scissors-no-specs.html","8","images/products/tias/garden-tools_electric-scissors-no-specs_main_01.jpg","main; spec"
"Nantong TIAS","Garden & Landscaping","Saws & Cutting","ONE HAND SAW","One_Hand_Saw","product-detail-tias-garden-tools-one-hand-saw.html","10","images/products/tias/garden-tools_one-hand-saw_main_01.jpg","main; photo; detail"
"Nantong TIAS","Garden & Landscaping","Garden Tools","Turbo LEAF Blower","Turbo_Leaf_Blower","product-detail-tias-garden-tools-turbo-leaf-blower.html","5","images/products/tias/garden-tools_turbo-leaf-blower_main_01.jpg","main; photo"
"Nantong Max","Home, Auto & Workshop","Home & Auto Tools","Impact Wrench 1","Impact_Wrench_1","product-detail-max-home-tools-impact-wrench-1.html","11","images/products/max/home-tools_impact-wrench-1_main_01.jpg","main; photo"
"Nantong Max","Home, Auto & Workshop","Home & Auto Tools","Impact Wrench 2","Impact_Wrench_2","product-detail-max-home-tools-impact-wrench-2.html","13","images/products/max/home-tools_impact-wrench-2_main_01.jpg","main; photo"
"Nantong Max","Home, Auto & Workshop","Drills & Drivers","NBT CD 21AT Cordless Drill","NBT-CD-21AT_electricity_Drill","product-detail-max-home-tools-nbt-cd-21at-electricity-drill.html","7","images/products/max/home-tools_nbt-cd-21at-electricity-drill_photo_01.jpg","photo"
"Nantong Max","Home, Auto & Workshop","Drills & Drivers","NBT CD 21B BL Cordless Drill","NBT-CD-21B-BL_electricity_Drill","product-detail-max-home-tools-nbt-cd-21b-bl-electricity-drill.html","15","images/products/max/home-tools_nbt-cd-21b-bl-electricity-drill_main_01.jpg","main; photo"
"Nantong Max","Home, Auto & Workshop","Spray & Finishing","NBT CPS 21B Paint Sprayer","NBT-CPS-21B_spray_pot","product-detail-max-home-tools-nbt-cps-21b-spray-pot.html","7","images/products/max/home-tools_nbt-cps-21b-spray-pot_main_01.jpg","main; photo"
"Nantong Max","Home, Auto & Workshop","Home & Auto Tools","Portable CAR Washer","wash_car_device","product-detail-max-home-tools-wash-car-device.html","9","images/products/max/home-tools_wash-car-device_main_01.jpg","main; photo"
"Nantong Max","Home, Auto & Workshop","Home & Auto Tools","Sheep Shearing Clipper","Sheep_Shearing_Clipper","product-detail-max-home-tools-sheep-shearing-clipper.html","5","images/products/max/home-tools_sheep-shearing-clipper_main_01.jpg","main; photo"
"Nantong TIAS","Home, Auto & Workshop","Drills & Drivers","Brushless Screwdriver","Brushless_Screwdriver","product-detail-tias-home-tools-brushless-screwdriver.html","7","images/products/tias/home-tools_brushless-screwdriver_main_01.jpg","main; detail; collage"
"Nantong TIAS","Home, Auto & Workshop","Grinding & Polishing","CAR Polishing Waxing Machine","Car_Polishing_Waxing_Machine","product-detail-tias-home-tools-car-polishing-waxing-machine.html","8","images/products/tias/home-tools_car-polishing-waxing-machine_main_01.jpg","main; photo; detail; collage"
"Nantong TIAS","Home, Auto & Workshop","Home & Auto Tools","Cordless Lithium Vacuum Cleaner","Cordless_Lithium_Vacuum_Cleaner","product-detail-tias-home-tools-cordless-lithium-vacuum-cleaner.html","11","images/products/tias/home-tools_cordless-lithium-vacuum-cleaner_main_01.jpg","main; photo; feature; detail"
"Nantong TIAS","Home, Auto & Workshop","Home & Auto Tools","Electric Impact Wrench","Electric_Impact_Wrench","product-detail-tias-home-tools-electric-impact-wrench.html","6","images/products/tias/home-tools_electric-impact-wrench_main_01.jpg","main; photo; feature"
"Nantong TIAS","Home, Auto & Workshop","Home & Auto Tools","HOME AUTO Lithium Inflator PUMP","Home_Auto_Lithium_Inflator_Pump","product-detail-tias-home-tools-home-auto-lithium-inflator-pump.html","16","images/products/tias/home-tools_home-auto-lithium-inflator-pump_main_01.jpg","main; photo; detail"
"Nantong TIAS","Home, Auto & Workshop","Drills & Drivers","Lithium Drill 1","Lithium_Drill_1","product-detail-tias-home-tools-lithium-drill-1.html","4","images/products/tias/home-tools_lithium-drill-1_main_01.jpg","main; photo; feature"
"Nantong TIAS","Home, Auto & Workshop","Drills & Drivers","Lithium Drill 2","Lithium_Drill_2","product-detail-tias-home-tools-lithium-drill-2.html","8","images/products/tias/home-tools_lithium-drill-2_main_01.jpg","main; feature; detail"
"Nantong TIAS","Home, Auto & Workshop","Grinding & Polishing","Multi Function Angle Grinder","Multi_Function_Angle_Grinder","product-detail-tias-home-tools-multi-function-angle-grinder.html","11","images/products/tias/home-tools_multi-function-angle-grinder_main_01.jpg","main; photo; detail"
"Nantong TIAS","Home, Auto & Workshop","Home & Auto Tools","Outdoor Rechargeable MINI FAN","Outdoor_Rechargeable_Mini_Fan","product-detail-tias-home-tools-outdoor-rechargeable-mini-fan.html","10","images/products/tias/home-tools_outdoor-rechargeable-mini-fan_main_01.jpg","main; photo; detail; spec"
"Nantong TIAS","Home, Auto & Workshop","Home & Auto Tools","Portable HIGH Pressure Washer","Portable_High_Pressure_Washer","product-detail-tias-home-tools-portable-high-pressure-washer.html","5","images/products/tias/home-tools_portable-high-pressure-washer_main_01.jpg","main; collage"
"Nantong TIAS","Home, Auto & Workshop","Home & Auto Tools","Window Cleaning Robot","Window_Cleaning_Robot","product-detail-tias-home-tools-window-cleaning-robot.html","9","images/products/tias/home-tools_window-cleaning-robot_main_01.jpg","main; photo; detail"
"Nantong Max","Batteries & Chargers","Battery Platform","12V","12V","product-detail-max-battery-12v.html","2","images/products/max/battery_12v_photo_01.jpg","photo"
"Nantong Max","Batteries & Chargers","Battery Platform","21V","21V","product-detail-max-battery-21v.html","9","images/products/max/battery_21v_photo_01.jpg","photo"
"Nantong Max","Batteries & Chargers","Battery Platform","Charger","Charger","product-detail-max-battery-charger.html","4","images/products/max/battery_charger_photo_01.jpg","photo"